{
  "start_time": "2025-09-01 00:02:41.998515",
  "api_calls": 45,
  "errors": 0,
  "players_extracted": 1095,
  "pages_processed": 44,
  "execution_time": 10.737751
}